A la bière comme à la bière - Le Drunken;ledrunken
BaB OPERA - Bar et Cave à bières Paris;profile.php?id=100039388933157
BEER Paris;BEER.Paris.Cave
Beer’s Hops;profile.php?id=100086151175567
Bières Cultes;bierescultes
Biérocratie;bierocratie
Black Mad Crawler;blackmadcrawler
Brasserie Croix de Chavaux;croixdechavaux
Brasserie d'Orville;BrasserieOrville
Brasserie de la Goutte d'Or;brasserielagouttedor
Brasserie du Grand Paris;brasseriegrandparis
Brasserie Parisis;brasserieparisis
Café Mama Kin;cafemamakin
Cuves de Fauves;lescuvesdefauve
Dr Feelgood - Rock Beer Temple  (Le P'tit Feelgood);rockbeertemple
Fédération Française de l'Apéritif;ffaperitif
HAZY;hazy.paris
Kilomètre Zéro;profile.php?id=100094598254148
La Binouze Paris;LaBinouzeParis
La Caisse de Bières;lacaissedebieres
La Cave Du Poney Qui Tousse;profile.php?id=100090996006620
La Fine Mousse;lafinemousse
La Robe & La Mousse;LaRobeEtLaMousse
La ruée vers l'orge;lrvoParis
Le Supercoin;supercoin
les bières de Belleville;lesbieresdeBelleville
Liquiderie Cave (Liquiderie Cave);liquiderie.cave
Luppolo;profile.php?id=100092529674766
Mashrooms;brasseriemashroomsparis
Microbrasserie Second Degré;microbrasserie.seconddegre
Nautilus Bar Paris;Nautilusbarparis
NUKA Brewing;nukabrewing
Octopussy Paris;Octo.bar.Paris
Outland;brasserieoutland
Soquee Brewing;profile.php?id=100089211693934
Taverne des Korrigans;tavernekorrigans
Tipsip Brewing;tipsipbrewing
We Are Brewers - WAB;wabparis
